month,max_temperature
1982-01,31.9
1982-02,34.3
1982-03,34.3
1982-04,33.2
1982-05,32.9
1982-06,33.3
1982-07,33
1982-08,33.2
1982-09,33.2
1982-10,33.8
1982-11,34.3
1982-12,33
1983-01,32.1
1983-02,34.6
1983-03,35.8
1983-04,35.8
1983-05,34
1983-06,33.6
1983-07,33
1983-08,32.7
1983-09,32.8
1983-10,33.7
1983-11,32.6
1983-12,31.3
1984-01,31.7
1984-02,31.5
1984-03,32.8
1984-04,32.7
1984-05,32.9
1984-06,32.7
1984-07,33
1984-08,32.8
1984-09,32.4
1984-10,33.4
1984-11,32.7
1984-12,32.2
1985-01,33
1985-02,33.7
1985-03,33.3
1985-04,34.2
1985-05,33.6
1985-06,35
1985-07,33.3
1985-08,33
1985-09,32.5
1985-10,33.4
1985-11,33
1985-12,32.4
1986-01,31.4
1986-02,33.2
1986-03,32.7
1986-04,32.8
1986-05,33.4
1986-06,33.2
1986-07,33.2
1986-08,34.2
1986-09,32.4
1986-10,32.6
1986-11,32.8
1986-12,32
1987-01,31.4
1987-02,33
1987-03,33.3
1987-04,34.6
1987-05,33.2
1987-06,33.5
1987-07,33.7
1987-08,33.8
1987-09,33.6
1987-10,33.7
1987-11,33.3
1987-12,32.8
1988-01,33.1
1988-02,33.8
1988-03,34.7
1988-04,33.7
1988-05,34.2
1988-06,33.6
1988-07,33.8
1988-08,32.7
1988-09,33.3
1988-10,34.5
1988-11,32.8
1988-12,31.6
1989-01,32.8
1989-02,33.3
1989-03,32.5
1989-04,34.5
1989-05,33.3
1989-06,33.2
1989-07,32.7
1989-08,33.3
1989-09,32.7
1989-10,32.9
1989-11,32.8
1989-12,32
1990-01,32.1
1990-02,34
1990-03,34.7
1990-04,35
1990-05,34.6
1990-06,33.8
1990-07,33.5
1990-08,33.9
1990-09,33.3
1990-10,33.3
1990-11,34
1990-12,31.8
1991-01,33.1
1991-02,33.5
1991-03,34
1991-04,34.1
1991-05,33.2
1991-06,33.6
1991-07,34
1991-08,33.6
1991-09,32.5
1991-10,33.4
1991-11,32.6
1991-12,31.5
1992-01,31.8
1992-02,33.1
1992-03,34.7
1992-04,34.6
1992-05,34.1
1992-06,33.6
1992-07,33.5
1992-08,33.6
1992-09,34
1992-10,32.9
1992-11,32
1992-12,31.4
1993-01,31.6
1993-02,32.7
1993-03,32.2
1993-04,33.5
1993-05,34.2
1993-06,33.3
1993-07,32.8
1993-08,33.9
1993-09,33.2
1993-10,33.2
1993-11,32.5
1993-12,32.9
1994-01,32.4
1994-02,32.5
1994-03,32.2
1994-04,33.6
1994-05,32.6
1994-06,33.1
1994-07,32.7
1994-08,32.9
1994-09,34.1
1994-10,34.2
1994-11,32.5
1994-12,32.6
1995-01,32.8
1995-02,32.4
1995-03,33.2
1995-04,33.5
1995-05,34
1995-06,34
1995-07,33
1995-08,32.4
1995-09,33
1995-10,34.1
1995-11,33.3
1995-12,32.5
1996-01,32.5
1996-02,32
1996-03,34.4
1996-04,33.6
1996-05,33.3
1996-06,33.9
1996-07,33.3
1996-08,33.1
1996-09,33.2
1996-10,33.1
1996-11,33.6
1996-12,33
1997-01,33.3
1997-02,33.7
1997-03,34.2
1997-04,34.4
1997-05,35.1
1997-06,34.7
1997-07,34
1997-08,34
1997-09,33.8
1997-10,34.5
1997-11,33.7
1997-12,32.9
1998-01,33.6
1998-02,34.6
1998-03,36
1998-04,34.8
1998-05,34.8
1998-06,34.7
1998-07,33.6
1998-08,32.8
1998-09,33.1
1998-10,34.5
1998-11,34.1
1998-12,32.6
1999-01,32.8
1999-02,33
1999-03,33
1999-04,34.4
1999-05,34.2
1999-06,33.7
1999-07,32.9
1999-08,32.9
1999-09,33.9
1999-10,32.5
1999-11,33.4
1999-12,33
2000-01,31.8
2000-02,32.4
2000-03,34
2000-04,33.4
2000-05,34.2
2000-06,33.3
2000-07,33.1
2000-08,33.3
2000-09,34.3
2000-10,34.1
2000-11,34.2
2000-12,32.6
2001-01,32.8
2001-02,32.4
2001-03,33.7
2001-04,33.5
2001-05,33.5
2001-06,33.6
2001-07,33.7
2001-08,33.7
2001-09,33.1
2001-10,34
2001-11,33.2
2001-12,33.2
2002-01,33.5
2002-02,32.5
2002-03,34.8
2002-04,34.3
2002-05,34.1
2002-06,33.3
2002-07,33
2002-08,33.6
2002-09,33.2
2002-10,34.6
2002-11,34
2002-12,33
2003-01,32.4
2003-02,32.6
2003-03,33.5
2003-04,33.7
2003-05,34.3
2003-06,34.3
2003-07,32.8
2003-08,33.1
2003-09,32.9
2003-10,33
2003-11,33
2003-12,32.2
2004-01,32
2004-02,34
2004-03,33.7
2004-04,35.1
2004-05,34.3
2004-06,33.7
2004-07,32.9
2004-08,33.5
2004-09,33.1
2004-10,34.2
2004-11,32.5
2004-12,32.7
2005-01,32.4
2005-02,34.7
2005-03,35
2005-04,35.1
2005-05,35.4
2005-06,33.9
2005-07,33.9
2005-08,33.6
2005-09,33.1
2005-10,33
2005-11,33.6
2005-12,33.5
2006-01,32
2006-02,33.3
2006-03,34.6
2006-04,34.1
2006-05,33.8
2006-06,32.7
2006-07,33.1
2006-08,33.1
2006-09,32.8
2006-10,33.6
2006-11,33.2
2006-12,32.7
2007-01,32.7
2007-02,33.3
2007-03,33.5
2007-04,33.7
2007-05,33.4
2007-06,34
2007-07,33
2007-08,32.5
2007-09,32.6
2007-10,33.7
2007-11,33.5
2007-12,31.8
2008-01,33.5
2008-02,33.4
2008-03,32.7
2008-04,33.3
2008-05,34.1
2008-06,32.9
2008-07,32.7
2008-08,32.7
2008-09,32.9
2008-10,33.3
2008-11,33
2008-12,32.6
2009-01,32.6
2009-02,35
2009-03,33.2
2009-04,34.7
2009-05,33.6
2009-06,33.7
2009-07,33.1
2009-08,33.5
2009-09,33
2009-10,33.9
2009-11,34.1
2009-12,32.6
2010-01,32.3
2010-02,35.2
2010-03,35.5
2010-04,34.5
2010-05,35.2
2010-06,33.5
2010-07,33.4
2010-08,33.1
2010-09,33.2
2010-10,34.1
2010-11,33.1
2010-12,33.6
2011-01,32.4
2011-02,33.5
2011-03,33.5
2011-04,33.1
2011-05,35.3
2011-06,33.1
2011-07,32.9
2011-08,32.5
2011-09,32.4
2011-10,32.5
2011-11,32.5
2011-12,32.3
2012-01,32.5
2012-02,32.9
2012-03,33.2
2012-04,32.9
2012-05,33.7
2012-06,32.7
2012-07,32.1
2012-08,32.7
2012-09,32.7
2012-10,33.1
2012-11,32.8
2012-12,32.2
2013-01,35.2
2013-02,32.5
2013-03,33.8
2013-04,34.9
2013-05,33.9
2013-06,34.5
2013-07,33.5
2013-08,32.8
2013-09,32.9
2013-10,33.2
2013-11,32.9
2013-12,33.7
2014-01,31.8
2014-02,33.8
2014-03,34.4
2014-04,34.5
2014-05,33.8
2014-06,33.6
2014-07,33.2
2014-08,31.9
2014-09,33.2
2014-10,34.1
2014-11,33.4
2014-12,33.6
2015-01,32.4
2015-02,33.6
2015-03,34.4
2015-04,34.4
2015-05,34.2
2015-06,34.3
2015-07,32.7
2015-08,33.1
2015-09,33.2
2015-10,33.6
2015-11,33.6
2015-12,33.1
2016-01,32.8
2016-02,32.7
2016-03,34.1
2016-04,35
2016-05,34.6
2016-06,33.4
2016-07,33.4
2016-08,33.8
2016-09,34.4
2016-10,34.6
2016-11,32.6
2016-12,33.6
2017-01,33.7
2017-02,32.4
2017-03,33.3
2017-04,34.4
2017-05,32.8
2017-06,33
2017-07,32.4
2017-08,33
2017-09,32.4
2017-10,34.6
2017-11,32.5
2017-12,33.5
2018-01,33.2
2018-02,33.5
2018-03,34.2
2018-04,35
2018-05,34.2
2018-06,33.4
2018-07,33
2018-08,33.2
2018-09,33
2018-10,34.5
2018-11,33.4
2018-12,33.8
2019-01,33.4
2019-02,34.1
2019-03,34.8
2019-04,34.5
2019-05,34.7
2019-06,33
2019-07,33.4
2019-08,34
2019-09,34.3
2019-10,34.4
2019-11,34.4
2019-12,32.3
2020-01,32.8
2020-02,33.1
2020-03,34
2020-04,34.6
2020-05,34.5
2020-06,33
2020-07,32.5
2020-08,33
2020-09,33.2
2020-10,34.1
2020-11,33.4
2020-12,33.5
2021-01,31.6
2021-02,33.7
2021-03,34.2
2021-04,34.7
2021-05,33.6
2021-06,33.7
2021-07,33.4
2021-08,32.9
2021-09,33.3
2021-10,33.8
2021-11,33.9
2021-12,33.9
2022-01,33.1
2022-02,33.6
2022-03,34.2
2022-04,34
2022-05,35.4
2022-06,33.6
2022-07,32.9
2022-08,33.2
